SYSTEM,,NAME,#,MODELNO.,MANUFACTURER,SERVICE,TYPE,LOCATION,FILE
,,,,,,,,,
WATER COOLED CHILLER,,CH,2,YVWANCNEFEAE0250SA,YORK,"AHU 1-1, AHU 1-2 AHU B-1",WATER COOLED SCREW,BASEMENT,https://drive.google.com/a/3dves.com/file/d/17U8NS4OTM3JvRYWtYOFIAnNSFLSvBGNe/view?usp=sharing
AIR COOLED CHILLER,,ACC,1,MPC-A 5000-SP,MOTIVAIR,"OR SUB-COOLING (AHU 1-1)
",HERMETIC SCROLL,LEVEL 02,https://drive.google.com/a/3dves.com/file/d/17U8NS4OTM3JvRYWtYOFIAnNSFLSvBGNe/view?usp=sharing
BOILER HOT WATER FOSSIL FUEL,,B,3,H9-902B,RAYPAK HI DELTA,MOB HHW,2-STAGE GAS BURNER,BOILER ROOM,https://drive.google.com/a/3dves.com/file/d/17U8NS4OTM3JvRYWtYOFIAnNSFLSvBGNe/view?usp=sharing
BOILER HOT WATER FOSSIL FUEL,,B,4,H9-1532B,RAYPAK HI DELTA,ASU HHW,4-STAGE GAS BURNER,BOILER ROOM,https://drive.google.com/a/3dves.com/file/d/17U8NS4OTM3JvRYWtYOFIAnNSFLSvBGNe/view?usp=sharing
BOILER HOT WATER FOSSIL FUEL,,B,5,H9-1532B,RAYPAK HI DELTA,ASU HHW,4-STAGE GAS BURNER,BOILER ROOM,https://drive.google.com/a/3dves.com/file/d/17U8NS4OTM3JvRYWtYOFIAnNSFLSvBGNe/view?usp=sharing
AIR SEPARATOR,,AS,1,ROLAIRTROL RL-2,Bell & Gossett,MOB HHW,N/A,BASEMENT,https://drive.google.com/a/3dves.com/file/d/17U8NS4OTM3JvRYWtYOFIAnNSFLSvBGNe/view?usp=sharing
AIR SEPARATOR,,AS,2,ROLAIRTROL RL-5(G),Bell & Gossett,CHW,N/A,BASEMENT,https://drive.google.com/a/3dves.com/file/d/17U8NS4OTM3JvRYWtYOFIAnNSFLSvBGNe/view?usp=sharing
AIR SEPARATOR,,AS,3,ROLAIRTROL RL-2 1/2,Bell & Gossett,ASU HHW,N/A,BASEMENT,https://drive.google.com/a/3dves.com/file/d/17U8NS4OTM3JvRYWtYOFIAnNSFLSvBGNe/view?usp=sharing
EXPANSION TANK DIAPHRAGM,,ET,1,B-400,Bell & Gossett,MOB HHW,N/A,BASEMENT,https://drive.google.com/a/3dves.com/file/d/17U8NS4OTM3JvRYWtYOFIAnNSFLSvBGNe/view?usp=sharing
EXPANSION TANK DIAPHRAGM,,ET,2,B-300,Bell & Gossett,CHW,N/A,BASEMENT,https://drive.google.com/a/3dves.com/file/d/17U8NS4OTM3JvRYWtYOFIAnNSFLSvBGNe/view?usp=sharing
EXPANSION TANK DIAPHRAGM,,ET,3,B-200,Bell & Gossett,ASU HHW,N/A,BASEMENT,https://drive.google.com/a/3dves.com/file/d/17U8NS4OTM3JvRYWtYOFIAnNSFLSvBGNe/view?usp=sharing
EXPANSION TANK DIAPHRAGM,,ET,4,AX-15V,ARMSTRONG,ACC-1,N/A,LEVEL 02,https://drive.google.com/a/3dves.com/file/d/17U8NS4OTM3JvRYWtYOFIAnNSFLSvBGNe/view?usp=sharing
PUMPS WATER ,,P,3,End Suction Base Mounted,ARMSTRONG FLUID  TECHONOLOGY,CHW PRIMARY,END SUCTION,BASEMENT,https://drive.google.com/a/3dves.com/file/d/17U8NS4OTM3JvRYWtYOFIAnNSFLSvBGNe/view?usp=sharing
PUMPS WATER ,,P,13,End Suction Base Mounted,ARMSTRONG FLUID  TECHONOLOGY,CHW SECONDARY,END SUCTION,BASEMENT,https://drive.google.com/a/3dves.com/file/d/17U8NS4OTM3JvRYWtYOFIAnNSFLSvBGNe/view?usp=sharing
PUMPS WATER ,,P,24,End Suction Base Mounted,ARMSTRONG FLUID  TECHONOLOGY,ASU HHW SECONDARY PUMPS,END SUCTION WITH PARALLEL SENSORLESS CONTROLLER,BASEMENT,https://drive.google.com/a/3dves.com/file/d/17U8NS4OTM3JvRYWtYOFIAnNSFLSvBGNe/view?usp=sharing
PUMPS WATER ,,P,25,End Suction Base Mounted,ARMSTRONG FLUID  TECHONOLOGY,ASU HHW SECONDARY PUMPS,END SUCTION WITH PARALLEL SENSORLESS CONTROLLER,BASEMENT,https://drive.google.com/a/3dves.com/file/d/17U8NS4OTM3JvRYWtYOFIAnNSFLSvBGNe/view?usp=sharing
PUMPS WATER ,,P,26,End Suction Base Mounted,ARMSTRONG FLUID  TECHONOLOGY,ASU HHW SECONDARY PUMPS,END SUCTION WITH PARALLEL SENSORLESS CONTROLLER,BASEMENT,https://drive.google.com/a/3dves.com/file/d/17U8NS4OTM3JvRYWtYOFIAnNSFLSvBGNe/view?usp=sharing
PUMPS WATER ,,P,27,ASTRO MULTISPEED,ARMSTRONG FLUID  TECHONOLOGY,CHW TERTIARY, INLINE CIRCULATOR,BASEMENT,https://drive.google.com/a/3dves.com/file/d/17U8NS4OTM3JvRYWtYOFIAnNSFLSvBGNe/view?usp=sharing
BUFFER TANK,,BT,1,80,RAYPAK ,MOB HHW SYSTEM,VERTICAL,BASEMENT,https://drive.google.com/a/3dves.com/file/d/17U8NS4OTM3JvRYWtYOFIAnNSFLSvBGNe/view?usp=sharing
BUFFER TANK,,BT,2,60,RAYPAK ,ASU HHW SYSTEM,HORIZONTAL,BASEMENT,https://drive.google.com/a/3dves.com/file/d/17U8NS4OTM3JvRYWtYOFIAnNSFLSvBGNe/view?usp=sharing
SOUND ATTENUATORS ASU ,,ST,1,RFL-MHV-FJ,VIBRO-ACOUSTICS,AHU 1-1 SUPPLY,N/A,LEVEL 02,https://drive.google.com/a/3dves.com/file/d/17U8NS4OTM3JvRYWtYOFIAnNSFLSvBGNe/view?usp=sharing
SOUND ATTENUATORS ASU ,,ST,2,RFL-UHV-FE,VIBRO-ACOUSTICS,AHU 1-1 RETURN,N/A,LEVEL 02,https://drive.google.com/a/3dves.com/file/d/17U8NS4OTM3JvRYWtYOFIAnNSFLSvBGNe/view?usp=sharing
SOUND ATTENUATORS ASU ,,ST,3,RFL-MV-F3,VIBRO-ACOUSTICS,AHU 1-2 SUPPLY,N/A,LEVEL 02,https://drive.google.com/a/3dves.com/file/d/17U8NS4OTM3JvRYWtYOFIAnNSFLSvBGNe/view?usp=sharing
SOUND ATTENUATORS ASU ,,ST,4,RFL-MHV-FE,VIBRO-ACOUSTICS,AHU 1-2 RETURN,N/A,LEVEL 02,https://drive.google.com/a/3dves.com/file/d/17U8NS4OTM3JvRYWtYOFIAnNSFLSvBGNe/view?usp=sharing
AHU SCHEDULE  (PART 1) ASU,AHU SCHEDULE  (PART 2) ASU,AHU,1-1,55688,Haakon,OPERATING ROOMS,N/A,ASU ROOF,https://drive.google.com/a/3dves.com/file/d/1inv6RhtHLVthaXyaxzWBtFjJn1GEA8hK/view?usp=sharing
AHU SCHEDULE  (PART 1) ASU,AHU SCHEDULE  (PART 2) ASU,AHU,1-2,55688,Haakon,PACU/ ASU,N/A,ASU ROOF,https://drive.google.com/a/3dves.com/file/d/1inv6RhtHLVthaXyaxzWBtFjJn1GEA8hK/view?usp=sharing
AHU SCHEDULE  (PART 1) ASU,AHU SCHEDULE  (PART 2) ASU,AHU,B-1,55688,Haakon,CENTRAL STERILE/ BASEMENT,N/A,BASEMENT,https://drive.google.com/a/3dves.com/file/d/1inv6RhtHLVthaXyaxzWBtFjJn1GEA8hK/view?usp=sharing
EXHAUST FANS ASU,,EF,1,402 CPS CCW THD CLASS 1,Loren Cook Company,CENTRAL STERILE/ ASU BASEMENT,CENTRIFUGAL BLOWER,LEVEL 02,https://drive.google.com/a/3dves.com/file/d/1inv6RhtHLVthaXyaxzWBtFjJn1GEA8hK/view?usp=sharing
EXHAUST FANS ASU,,EF,2,150 CPS CCW THD CLASS 1,Loren Cook Company,ASU LAB GROSSING/ MED PREP,CENTRIFUGAL BLOWER,LEVEL 02,https://drive.google.com/a/3dves.com/file/d/1inv6RhtHLVthaXyaxzWBtFjJn1GEA8hK/view?usp=sharing
EXHAUST FANS ASU,,EF,3,180 CPS CCW THD CLASS 1,Loren Cook Company,ASU WAITING ROOM,CENTRIFUGAL BLOWER,LEVEL 02,https://drive.google.com/a/3dves.com/file/d/1inv6RhtHLVthaXyaxzWBtFjJn1GEA8hK/view?usp=sharing
EXHAUST FANS ASU,,EF,4,300 CPS CCW THD CLASS 1,Loren Cook Company,ASU WEST EXHAUST,CENTRIFUGAL BLOWER,LEVEL 02,https://drive.google.com/a/3dves.com/file/d/1inv6RhtHLVthaXyaxzWBtFjJn1GEA8hK/view?usp=sharing
EXHAUST FANS ASU,,EF,5,330 CPS CCW THD CLASS 1,Loren Cook Company,PACU EXHAUST,CENTRIFUGAL BLOWER,LEVEL 02,https://drive.google.com/a/3dves.com/file/d/1inv6RhtHLVthaXyaxzWBtFjJn1GEA8hK/view?usp=sharing
EXHAUST FANS ASU,,(E)EF,5,195CIC,Loren Cook Company,CHILLER ROOM,CENTRIFUGAL IMPELLER,BASEMENT,https://drive.google.com/a/3dves.com/file/d/1inv6RhtHLVthaXyaxzWBtFjJn1GEA8hK/view?usp=sharing
COOLING TOWER OPEN CELL ,,CT,1,CUSTOM BUILT,CERAMIC,CONDENSER WATER,OPEN CELL,LEVEL 01,https://drive.google.com/a/3dves.com/file/d/1inv6RhtHLVthaXyaxzWBtFjJn1GEA8hK/view?usp=sharing
COOLING TOWER OPEN CELL ,,CT,2,CUSTOM BUILT,CERAMIC,CONDENSER WATER,OPEN CELL,LEVEL 01,https://drive.google.com/a/3dves.com/file/d/1inv6RhtHLVthaXyaxzWBtFjJn1GEA8hK/view?usp=sharing
COOLING TOWER OPEN CELL ,,CT,3,CUSTOM BUILT,CERAMIC,CONDENSER WATER,OPEN CELL,LEVEL 01,https://drive.google.com/a/3dves.com/file/d/1inv6RhtHLVthaXyaxzWBtFjJn1GEA8hK/view?usp=sharing
HOT WATER REHEAT CAV TERMINAL UNITS BASEMENT,,CAV-S,B-1,DESV,TITUS,"SB106, SB108, SB109, SB111, SB118",N/A,BASEMENT,https://drive.google.com/a/3dves.com/file/d/1inv6RhtHLVthaXyaxzWBtFjJn1GEA8hK/view?usp=sharing
HOT WATER REHEAT CAV TERMINAL UNITS BASEMENT,,CAV-S,B-2,DESV,TITUS,"SB055,SB161",N/A,BASEMENT,https://drive.google.com/a/3dves.com/file/d/1inv6RhtHLVthaXyaxzWBtFjJn1GEA8hK/view?usp=sharing
HOT WATER REHEAT CAV TERMINAL UNITS BASEMENT,,CAV-S,B-3,DESV,TITUS,"SB036,SB038,ST-04",N/A,BASEMENT,https://drive.google.com/a/3dves.com/file/d/1inv6RhtHLVthaXyaxzWBtFjJn1GEA8hK/view?usp=sharing
HOT WATER REHEAT CAV TERMINAL UNITS BASEMENT,,CAV-S,B-5,DESV,TITUS,"SB122,SB126,SB131,SB133,S1044F",N/A,BASEMENT,https://drive.google.com/a/3dves.com/file/d/1inv6RhtHLVthaXyaxzWBtFjJn1GEA8hK/view?usp=sharing
HOT WATER REHEAT CAV TERMINAL UNITS BASEMENT,,CAV-S,B-6,DESV,TITUS,"SB160,SB160A,SB160B,SB160C,SB162,SB164,SB164A,SB166,SB170,SB171,SB173,SB175,SB176,SB178",N/A,BASEMENT,https://drive.google.com/a/3dves.com/file/d/1inv6RhtHLVthaXyaxzWBtFjJn1GEA8hK/view?usp=sharing
HOT WATER REHEAT CAV TERMINAL UNITS BASEMENT,,CAV-S,B-8,DESV,TITUS,"SB014,SB100,SB101,SB102,SB103,SB108",N/A,BASEMENT,https://drive.google.com/a/3dves.com/file/d/1inv6RhtHLVthaXyaxzWBtFjJn1GEA8hK/view?usp=sharing
HOT WATER REHEAT CAV TERMINAL UNITS BASEMENT,,CAV-S,B-9,DESV,TITUS,SB043,N/A,BASEMENT,https://drive.google.com/a/3dves.com/file/d/1inv6RhtHLVthaXyaxzWBtFjJn1GEA8hK/view?usp=sharing
HOT WATER REHEAT CAV TERMINAL UNITS BASEMENT,,CAV-S,B-12,DESV,TITUS,"SB117,SB167",N/A,BASEMENT,https://drive.google.com/a/3dves.com/file/d/1inv6RhtHLVthaXyaxzWBtFjJn1GEA8hK/view?usp=sharing
HOT WATER REHEAT CAV TERMINAL UNITS BASEMENT,,CAV-S,B-14,DESV,TITUS,"SB030, SB032, SB034, SB035, SB050, ELE-04A",N/A,BASEMENT,https://drive.google.com/a/3dves.com/file/d/1inv6RhtHLVthaXyaxzWBtFjJn1GEA8hK/view?usp=sharing
HOT WATER REHEAT CAV TERMINAL UNITS BASEMENT,,CAV-S,B-16,DESV,TITUS,SB009,N/A,BASEMENT,https://drive.google.com/a/3dves.com/file/d/1inv6RhtHLVthaXyaxzWBtFjJn1GEA8hK/view?usp=sharing
HOT WATER REHEAT CAV TERMINAL UNITS BASEMENT,,CAV-S,B-17,DESV,TITUS,"SB140, SB140A, SB147, SB148, SB149, SB150, SB180",N/A,BASEMENT,https://drive.google.com/a/3dves.com/file/d/1inv6RhtHLVthaXyaxzWBtFjJn1GEA8hK/view?usp=sharing
HOT WATER REHEAT CAV TERMINAL UNITS BASEMENT,,CAV-S,B-18,DESV,TITUS,"SB140, SB140A, SB147, SB148, SB149, SB150, SB180",N/A,BASEMENT,https://drive.google.com/a/3dves.com/file/d/1inv6RhtHLVthaXyaxzWBtFjJn1GEA8hK/view?usp=sharing
HOT WATER REHEAT CAV TERMINAL UNITS BASEMENT,,CAV-S,B-19,DESV,TITUS,SB165,N/A,BASEMENT,https://drive.google.com/a/3dves.com/file/d/1inv6RhtHLVthaXyaxzWBtFjJn1GEA8hK/view?usp=sharing
DUCTLESS SPLIT SYSTEM INDOOR - ASU,,FCU,6,PKA-A36KA (L),Mitsubishi Electric,ELEC RM SB056 - ASU,DIRECT DRIVEN DC MOTOR,BASEMENT,https://drive.google.com/a/3dves.com/file/d/1inv6RhtHLVthaXyaxzWBtFjJn1GEA8hK/view?usp=sharing
DUCTLESS SPLIT SYSTEM INDOOR - ASU,,FCU,7,PKA-A36KA (L),Mitsubishi Electric,ELEC RM SB056 - ASU,DIRECT DRIVEN DC MOTOR,BASEMENT,https://drive.google.com/a/3dves.com/file/d/1inv6RhtHLVthaXyaxzWBtFjJn1GEA8hK/view?usp=sharing
DUCTLESS SPLIT SYSTEM INDOOR - ASU,,FCU,8,PKA-A36KA (L),Mitsubishi Electric,ELEC RM SB056 - ASU,DIRECT DRIVEN DC MOTOR,BASEMENT,https://drive.google.com/a/3dves.com/file/d/1inv6RhtHLVthaXyaxzWBtFjJn1GEA8hK/view?usp=sharing
DUCTLESS SPLIT SYSTEM INDOOR - ASU,,FCU,9,PKA-A36KA (L),Mitsubishi Electric,COMM RM S1079 - ASU,DIRECT DRIVEN DC MOTOR,LEVEL 01,https://drive.google.com/a/3dves.com/file/d/1inv6RhtHLVthaXyaxzWBtFjJn1GEA8hK/view?usp=sharing
DUCTLESS SPLIT SYSTEM INDOOR - ASU,,FCU,10,PLA-A36EA7,Mitsubishi Electric,ELEC RM S1077 - ASU,DIRECT DRIVEN DC MOTOR,LEVEL 01,https://drive.google.com/a/3dves.com/file/d/1inv6RhtHLVthaXyaxzWBtFjJn1GEA8hK/view?usp=sharing
DUCTLESS SPLIT SYSTEM INDOOR - ASU,,FCU,11,PKA-A36KA (L),Mitsubishi Electric,ELEVATOR MACHINE S1044K - ASU,DIRECT DRIVEN DC MOTOR,BASEMENT,https://drive.google.com/a/3dves.com/file/d/1inv6RhtHLVthaXyaxzWBtFjJn1GEA8hK/view?usp=sharing
DUCTLESS SPLIT SYSTEM INDOOR - ASU,,FCU,12,PKA-A36KA (L),Mitsubishi Electric,ELEVATOR MACHINE ELE-O6A,DIRECT DRIVEN DC MOTOR,BASEMENT,https://drive.google.com/a/3dves.com/file/d/1inv6RhtHLVthaXyaxzWBtFjJn1GEA8hK/view?usp=sharing
DUCTLESS SPLIT SYSTEM INDOOR - ASU,,FCU,13,MSZ-GL06NA-U1,Mitsubishi Electric,MED PREP S1237 - ASU,DIRECT DRIVEN DC MOTOR,LEVEL 01,https://drive.google.com/a/3dves.com/file/d/1inv6RhtHLVthaXyaxzWBtFjJn1GEA8hK/view?usp=sharing
DUCTLESS SPLIT SYSTEM INDOOR - ASU,,FCU,14,MSZ-GL06NA-U1,Mitsubishi Electric,MED PREP S1212 - ASU,DIRECT DRIVEN DC MOTOR,LEVEL 01,https://drive.google.com/a/3dves.com/file/d/1inv6RhtHLVthaXyaxzWBtFjJn1GEA8hK/view?usp=sharing
DUCTLESS SPLIT SYSTEM INDOOR - ASU,,FCU,15,PKA-A36KA (L),Mitsubishi Electric,ELEVATOR MACHINE ELE-04A,DIRECT DRIVEN DC MOTOR,BASEMENT,https://drive.google.com/a/3dves.com/file/d/1inv6RhtHLVthaXyaxzWBtFjJn1GEA8hK/view?usp=sharing
DUCTLESS SPLIT SYSTEM OUTDOOR - ASU,,CU,6,PUY-A36NHA4,Mitsubishi Electric,ELEC RM SB056 - ASU,DC INVERTER,LEVEL 02,https://drive.google.com/a/3dves.com/file/d/1inv6RhtHLVthaXyaxzWBtFjJn1GEA8hK/view?usp=sharing
DUCTLESS SPLIT SYSTEM OUTDOOR - ASU,,CU,7,PUY-A36NHA4,Mitsubishi Electric,ELEC RM SB056 - ASU,DC INVERTER,LEVEL 02,https://drive.google.com/a/3dves.com/file/d/1inv6RhtHLVthaXyaxzWBtFjJn1GEA8hK/view?usp=sharing
DUCTLESS SPLIT SYSTEM OUTDOOR - ASU,,CU,8,PUY-A36NHA4,Mitsubishi Electric,ELEC RM SB056 - ASU,DC INVERTER,LEVEL 02,https://drive.google.com/a/3dves.com/file/d/1inv6RhtHLVthaXyaxzWBtFjJn1GEA8hK/view?usp=sharing
DUCTLESS SPLIT SYSTEM OUTDOOR - ASU,,CU,9,PUY-A36NHA4,Mitsubishi Electric,COMM RM S1079 - ASU,DC INVERTER,LEVEL 02,https://drive.google.com/a/3dves.com/file/d/1inv6RhtHLVthaXyaxzWBtFjJn1GEA8hK/view?usp=sharing
DUCTLESS SPLIT SYSTEM OUTDOOR - ASU,,CU,10,PUY-A36NKA7,Mitsubishi Electric,ELEC RM S1077 - ASU,DC INVERTER,LEVEL 02,https://drive.google.com/a/3dves.com/file/d/1inv6RhtHLVthaXyaxzWBtFjJn1GEA8hK/view?usp=sharing
DUCTLESS SPLIT SYSTEM OUTDOOR - ASU,,CU,11,PUY-A36NHA4,Mitsubishi Electric,ELEVATOR MACHINE S1044K - ASU,DC INVERTER,LEVEL 02,https://drive.google.com/a/3dves.com/file/d/1inv6RhtHLVthaXyaxzWBtFjJn1GEA8hK/view?usp=sharing
DUCTLESS SPLIT SYSTEM OUTDOOR - ASU,,CU,12,PUY-A36NHA4,Mitsubishi Electric,ELEVATOR MACHINE ELE-O6A,DC INVERTER,LEVEL 02,https://drive.google.com/a/3dves.com/file/d/1inv6RhtHLVthaXyaxzWBtFjJn1GEA8hK/view?usp=sharing
DUCTLESS SPLIT SYSTEM OUTDOOR - ASU,,CU,13,MXZ-2C20NA2,Mitsubishi Electric,MED PREP S1237 & S1212 - ASU,DC INVERTER,LEVEL 02,https://drive.google.com/a/3dves.com/file/d/1inv6RhtHLVthaXyaxzWBtFjJn1GEA8hK/view?usp=sharing
DUCTLESS SPLIT SYSTEM OUTDOOR - ASU,,CU,14,PUY-A36NHA4,Mitsubishi Electric,ELEVATOR MACHINE ELE-04A - ASU,DC INVERTER,LEVEL 02,https://drive.google.com/a/3dves.com/file/d/1inv6RhtHLVthaXyaxzWBtFjJn1GEA8hK/view?usp=sharing
HOT WATER REHEAT CAV TERMINAL UNITS 1st FLOOR,,CAV-S,1-1,DESV,TITUS,"S1000, S1002, S1004",N/A,LEVEL 01,https://drive.google.com/a/3dves.com/file/d/1vBJ-Z8q-JUiGkGXKkud76MI3_ReOOwSv/view?usp=sharing
HOT WATER REHEAT CAV TERMINAL UNITS 1st FLOOR,,CAV-S,1-2,DESV,TITUS,"S1014, S1016, S1018",N/A,LEVEL 01,https://drive.google.com/a/3dves.com/file/d/1vBJ-Z8q-JUiGkGXKkud76MI3_ReOOwSv/view?usp=sharing
HOT WATER REHEAT CAV TERMINAL UNITS 1st FLOOR,,CAV-S,1-3,DESV,TITUS,"S1020, S1021, S1060",N/A,LEVEL 01,https://drive.google.com/a/3dves.com/file/d/1vBJ-Z8q-JUiGkGXKkud76MI3_ReOOwSv/view?usp=sharing
HOT WATER REHEAT CAV TERMINAL UNITS 1st FLOOR,,CAV-S,1-4,DESV,TITUS,"S1022, S1022A, S1022B",N/A,LEVEL 01,https://drive.google.com/a/3dves.com/file/d/1vBJ-Z8q-JUiGkGXKkud76MI3_ReOOwSv/view?usp=sharing
HOT WATER REHEAT CAV TERMINAL UNITS 1st FLOOR,,CAV-S,1-5,DESV,TITUS,"S1030, S1031, S1033, S1034, S1036, S1038, S1038A",N/A,LEVEL 01,https://drive.google.com/a/3dves.com/file/d/1vBJ-Z8q-JUiGkGXKkud76MI3_ReOOwSv/view?usp=sharing
HOT WATER REHEAT CAV TERMINAL UNITS 1st FLOOR,,CAV-S,1-6,DESV,TITUS,"S1024, S1026, S1021, S1044, S1046, S1048, S1050, S1052",N/A,LEVEL 01,https://drive.google.com/a/3dves.com/file/d/1vBJ-Z8q-JUiGkGXKkud76MI3_ReOOwSv/view?usp=sharing
HOT WATER REHEAT CAV TERMINAL UNITS 1st FLOOR,,CAV-S,1-7,DESV,TITUS,"S1051, S1054, S1058",N/A,LEVEL 01,https://drive.google.com/a/3dves.com/file/d/1vBJ-Z8q-JUiGkGXKkud76MI3_ReOOwSv/view?usp=sharing
HOT WATER REHEAT CAV TERMINAL UNITS 1st FLOOR,,CAV-S,1-8,DESV,TITUS,"S1232, S1233, S1234, S1236, S1238, S1240, S1242, S1244, S1245",N/A,LEVEL 01,https://drive.google.com/a/3dves.com/file/d/1vBJ-Z8q-JUiGkGXKkud76MI3_ReOOwSv/view?usp=sharing
HOT WATER REHEAT CAV TERMINAL UNITS 1st FLOOR,,CAV-S,1-9,DESV,TITUS,"S1231, S1231A, S1231B, S1237, S1239, S1243, S1266, S1276",N/A,LEVEL 01,https://drive.google.com/a/3dves.com/file/d/1vBJ-Z8q-JUiGkGXKkud76MI3_ReOOwSv/view?usp=sharing
HOT WATER REHEAT CAV TERMINAL UNITS 1st FLOOR,,CAV-S,1-10,DESV,TITUS,"S1222, S1223, S1224, S1226, S1228, S1230",N/A,LEVEL 01,https://drive.google.com/a/3dves.com/file/d/1vBJ-Z8q-JUiGkGXKkud76MI3_ReOOwSv/view?usp=sharing
HOT WATER REHEAT CAV TERMINAL UNITS 1st FLOOR,,CAV-S,1-11,DESV,TITUS,"S1267, S1269, S1271",N/A,LEVEL 01,https://drive.google.com/a/3dves.com/file/d/1vBJ-Z8q-JUiGkGXKkud76MI3_ReOOwSv/view?usp=sharing
HOT WATER REHEAT CAV TERMINAL UNITS 1st FLOOR,,CAV-S,1-12,DESV,TITUS,"S1208, S1210, S1212, S1214, S1216, S1216A, S1216B, S1283",N/A,LEVEL 01,https://drive.google.com/a/3dves.com/file/d/1vBJ-Z8q-JUiGkGXKkud76MI3_ReOOwSv/view?usp=sharing
HOT WATER REHEAT CAV TERMINAL UNITS 1st FLOOR,,CAV-S,1-13,DESV,TITUS,"S1200, S1215, S1217, S1219, S1221",N/A,LEVEL 01,https://drive.google.com/a/3dves.com/file/d/1vBJ-Z8q-JUiGkGXKkud76MI3_ReOOwSv/view?usp=sharing
HOT WATER REHEAT CAV TERMINAL UNITS 1st FLOOR,,CAV-S,1-14,DESV,TITUS,"S1011, S1013",N/A,LEVEL 01,https://drive.google.com/a/3dves.com/file/d/1vBJ-Z8q-JUiGkGXKkud76MI3_ReOOwSv/view?usp=sharing
HOT WATER REHEAT CAV TERMINAL UNITS 1st FLOOR,,CAV-S,1-15,DESV,TITUS,"S1062, S1064",N/A,LEVEL 01,https://drive.google.com/a/3dves.com/file/d/1vBJ-Z8q-JUiGkGXKkud76MI3_ReOOwSv/view?usp=sharing
HOT WATER REHEAT CAV TERMINAL UNITS 1st FLOOR,,CAV-S,1-16,DESV,TITUS,"S1073, S1075, S1077A, S1080, S1081",N/A,LEVEL 01,https://drive.google.com/a/3dves.com/file/d/1vBJ-Z8q-JUiGkGXKkud76MI3_ReOOwSv/view?usp=sharing
HOT WATER REHEAT CAV TERMINAL UNITS 1st FLOOR,,CAV-S,1-17,DESV,TITUS,S1067,N/A,LEVEL 01,https://drive.google.com/a/3dves.com/file/d/1vBJ-Z8q-JUiGkGXKkud76MI3_ReOOwSv/view?usp=sharing
HOT WATER REHEAT CAV TERMINAL UNITS 1st FLOOR,,CAV-S,1-18,DESV,TITUS,S1069,N/A,LEVEL 01,https://drive.google.com/a/3dves.com/file/d/1vBJ-Z8q-JUiGkGXKkud76MI3_ReOOwSv/view?usp=sharing
HOT WATER REHEAT CAV TERMINAL UNITS 1st FLOOR,,CAV-S,1-19,DESV,TITUS,S1071,N/A,LEVEL 01,https://drive.google.com/a/3dves.com/file/d/1vBJ-Z8q-JUiGkGXKkud76MI3_ReOOwSv/view?usp=sharing
HOT WATER REHEAT CAV TERMINAL UNITS 1st FLOOR,,CAV-S,1-20,DESV,TITUS,"S1096, S1098",N/A,LEVEL 01,https://drive.google.com/a/3dves.com/file/d/1vBJ-Z8q-JUiGkGXKkud76MI3_ReOOwSv/view?usp=sharing
HOT WATER REHEAT CAV TERMINAL UNITS 1st FLOOR,,CAV-S,1-21,DESV,TITUS,"S1082, S1090, S1091, S1093, S1094, S1094C, S1094D",N/A,LEVEL 01,https://drive.google.com/a/3dves.com/file/d/1vBJ-Z8q-JUiGkGXKkud76MI3_ReOOwSv/view?usp=sharing
HOT WATER REHEAT CAV TERMINAL UNITS 1st FLOOR,,CAV-S,1-22,DESV,TITUS,"S1233, S1250, S1252, S1253, S1255, S1257, S1259, S1261, S1263",N/A,LEVEL 01,https://drive.google.com/a/3dves.com/file/d/1vBJ-Z8q-JUiGkGXKkud76MI3_ReOOwSv/view?usp=sharing
HOT WATER REHEAT CAV TERMINAL UNITS 1st FLOOR,,CAV-S,1-23,DESV,TITUS,"S1110, S1112",N/A,LEVEL 01,https://drive.google.com/a/3dves.com/file/d/1vBJ-Z8q-JUiGkGXKkud76MI3_ReOOwSv/view?usp=sharing
HOT WATER REHEAT CAV TERMINAL UNITS 1st FLOOR,,CAV-S,1-24,DESV,TITUS,"S1164, S1167, S1169",N/A,LEVEL 01,https://drive.google.com/a/3dves.com/file/d/1vBJ-Z8q-JUiGkGXKkud76MI3_ReOOwSv/view?usp=sharing
HOT WATER REHEAT CAV TERMINAL UNITS 1st FLOOR,,CAV-S,1-25,DESV,TITUS,"S1082B, S1085A, S1087A, S1087B, S1088, S1089A, S1089B",N/A,LEVEL 01,https://drive.google.com/a/3dves.com/file/d/1vBJ-Z8q-JUiGkGXKkud76MI3_ReOOwSv/view?usp=sharing
HOT WATER REHEAT CAV TERMINAL UNITS 1st FLOOR,,CAV-S,1-26,DESV,TITUS,"S1152, S1154, S1156, S1158",N/A,LEVEL 01,https://drive.google.com/a/3dves.com/file/d/1vBJ-Z8q-JUiGkGXKkud76MI3_ReOOwSv/view?usp=sharing
HOT WATER REHEAT CAV TERMINAL UNITS 1st FLOOR,,CAV-S,1-27,DESV,TITUS,"S1059A, S1159, S1161, S1163, S1166",N/A,LEVEL 01,https://drive.google.com/a/3dves.com/file/d/1vBJ-Z8q-JUiGkGXKkud76MI3_ReOOwSv/view?usp=sharing
HOT WATER REHEAT CAV TERMINAL UNITS 1st FLOOR,,CAV-S,1-28,DESV,TITUS,"S1273, S1275, S1277, S1280, S1282, S1284, S1286, S1290, S1292, S1294",N/A,LEVEL 01,https://drive.google.com/a/3dves.com/file/d/1vBJ-Z8q-JUiGkGXKkud76MI3_ReOOwSv/view?usp=sharing
HOT WATER REHEAT CAV TERMINAL UNITS 1st FLOOR,,CAV-S,1-29,DESV,TITUS,"S1200, S1201, S1202, S1203, S1205, S1207, S1209, S1211",N/A,LEVEL 01,https://drive.google.com/a/3dves.com/file/d/1vBJ-Z8q-JUiGkGXKkud76MI3_ReOOwSv/view?usp=sharing
HOT WATER REHEAT CAV TERMINAL UNITS 1st FLOOR,,CAV-S,1-30,DESV,TITUS,"S1063, S1063A, S1063B, S1064, S1066, S1067A, S1069A, S1070, S1071A, S1072, S1072A, S1268",N/A,LEVEL 01,https://drive.google.com/a/3dves.com/file/d/1vBJ-Z8q-JUiGkGXKkud76MI3_ReOOwSv/view?usp=sharing
HOT WATER REHEAT CAV TERMINAL UNITS 1st FLOOR,,CAV-S,1-31,DESV,TITUS,"S1233, S1246, S1248, S1254, S1254A, S1254B, S1254C, S1264, S1264A, S1264B, S1265A, S1265B, S1265C, S1265D",N/A,LEVEL 01,https://drive.google.com/a/3dves.com/file/d/1vBJ-Z8q-JUiGkGXKkud76MI3_ReOOwSv/view?usp=sharing
HOT WATER REHEAT CAV TERMINAL UNITS 1st FLOOR,,CAV-S,1-32,DESV,TITUS,"S1001, S1010, S1010B, S1010C",N/A,LEVEL 01,https://drive.google.com/a/3dves.com/file/d/1vBJ-Z8q-JUiGkGXKkud76MI3_ReOOwSv/view?usp=sharing
HOT WATER REHEAT CAV TERMINAL UNITS 1st FLOOR,,CAV-S,1-34,DESV,TITUS,"S1128, S1130, S1132",N/A,LEVEL 01,https://drive.google.com/a/3dves.com/file/d/1vBJ-Z8q-JUiGkGXKkud76MI3_ReOOwSv/view?usp=sharing
HOT WATER REHEAT CAV TERMINAL UNITS 1st FLOOR,,CAV-S,1-35,DESV,TITUS,"S1109, S1116, S1117, S1120, S1122, S1123, S1124, S1126",N/A,LEVEL 01,https://drive.google.com/a/3dves.com/file/d/1vBJ-Z8q-JUiGkGXKkud76MI3_ReOOwSv/view?usp=sharing
HOT WATER REHEAT CAV TERMINAL UNITS 1st FLOOR,,CAV-S,1-36,DESV,TITUS,"S1100, S1103, S1113, S1143, S1143A, S1153",N/A,LEVEL 01,https://drive.google.com/a/3dves.com/file/d/1vBJ-Z8q-JUiGkGXKkud76MI3_ReOOwSv/view?usp=sharing
HOT WATER REHEAT CAV TERMINAL UNITS 1st FLOOR,,CAV-S,1-37,DESV,TITUS,S1140,N/A,LEVEL 01,https://drive.google.com/a/3dves.com/file/d/1vBJ-Z8q-JUiGkGXKkud76MI3_ReOOwSv/view?usp=sharing
HOT WATER REHEAT CAV TERMINAL UNITS 1st FLOOR,,CAV-S,1-38,DESV,TITUS,"S1136, S1149, S1151",N/A,LEVEL 01,https://drive.google.com/a/3dves.com/file/d/1vBJ-Z8q-JUiGkGXKkud76MI3_ReOOwSv/view?usp=sharing
HOT WATER REHEAT CAV TERMINAL UNITS 1st FLOOR,,CAV-S,1-39,DESV,TITUS,"S1140, S1142",N/A,LEVEL 01,https://drive.google.com/a/3dves.com/file/d/1vBJ-Z8q-JUiGkGXKkud76MI3_ReOOwSv/view?usp=sharing
HOT WATER REHEAT CAV TERMINAL UNITS 1st FLOOR,,CAV-S,1-40,DESV,TITUS,"S1120, S1123, S1135, S1137",N/A,LEVEL 01,https://drive.google.com/a/3dves.com/file/d/1vBJ-Z8q-JUiGkGXKkud76MI3_ReOOwSv/view?usp=sharing
HOT WATER REHEAT CAV TERMINAL UNITS 1st FLOOR,,CAV-S,1-41,DESV,TITUS,"S1083, S1083A, S1083B, S1083C, S1083D",N/A,LEVEL 01,https://drive.google.com/a/3dves.com/file/d/1vBJ-Z8q-JUiGkGXKkud76MI3_ReOOwSv/view?usp=sharing
HOT WATER REHEAT CAV TERMINAL UNITS 1st FLOOR,,CAV-S,1-42,DESV,TITUS,S1171,N/A,LEVEL 01,https://drive.google.com/a/3dves.com/file/d/1vBJ-Z8q-JUiGkGXKkud76MI3_ReOOwSv/view?usp=sharing
HOT WATER REHEAT 2-POSITION CAV TERMINAL UNITS 1st FLOOR OPERATING ROOMS,,CAV-S,1-60,DESV,TITUS,OR S1102,N/A,LEVEL 01,https://drive.google.com/a/3dves.com/file/d/1vBJ-Z8q-JUiGkGXKkud76MI3_ReOOwSv/view?usp=sharing
HOT WATER REHEAT 2-POSITION CAV TERMINAL UNITS 1st FLOOR OPERATING ROOMS,,CAV-R,1-61,DESV,TITUS,OR S1102,N/A,LEVEL 01,https://drive.google.com/a/3dves.com/file/d/1vBJ-Z8q-JUiGkGXKkud76MI3_ReOOwSv/view?usp=sharing
HOT WATER REHEAT 2-POSITION CAV TERMINAL UNITS 1st FLOOR OPERATING ROOMS,,CAV-S,1-62,DESV,TITUS,OR S1131,N/A,LEVEL 01,https://drive.google.com/a/3dves.com/file/d/1vBJ-Z8q-JUiGkGXKkud76MI3_ReOOwSv/view?usp=sharing
HOT WATER REHEAT 2-POSITION CAV TERMINAL UNITS 1st FLOOR OPERATING ROOMS,,CAV-R,1-63,DESV,TITUS,OR S1131,N/A,LEVEL 01,https://drive.google.com/a/3dves.com/file/d/1vBJ-Z8q-JUiGkGXKkud76MI3_ReOOwSv/view?usp=sharing
HOT WATER REHEAT 2-POSITION CAV TERMINAL UNITS 1st FLOOR OPERATING ROOMS,,CAV-S,1-64,DESV,TITUS,OR S1104,N/A,LEVEL 01,https://drive.google.com/a/3dves.com/file/d/1vBJ-Z8q-JUiGkGXKkud76MI3_ReOOwSv/view?usp=sharing
HOT WATER REHEAT 2-POSITION CAV TERMINAL UNITS 1st FLOOR OPERATING ROOMS,,CAV-R,1-65,DESV,TITUS,OR S1104,N/A,LEVEL 01,https://drive.google.com/a/3dves.com/file/d/1vBJ-Z8q-JUiGkGXKkud76MI3_ReOOwSv/view?usp=sharing
HOT WATER REHEAT 2-POSITION CAV TERMINAL UNITS 1st FLOOR OPERATING ROOMS,,CAV-S,1-66,DESV,TITUS,OR S1127,N/A,LEVEL 01,https://drive.google.com/a/3dves.com/file/d/1vBJ-Z8q-JUiGkGXKkud76MI3_ReOOwSv/view?usp=sharing
HOT WATER REHEAT 2-POSITION CAV TERMINAL UNITS 1st FLOOR OPERATING ROOMS,,CAV-R,1-67,DESV,TITUS,OR S1127,N/A,LEVEL 01,https://drive.google.com/a/3dves.com/file/d/1vBJ-Z8q-JUiGkGXKkud76MI3_ReOOwSv/view?usp=sharing
HOT WATER REHEAT 2-POSITION CAV TERMINAL UNITS 1st FLOOR OPERATING ROOMS,,CAV-S,1-68,DESV,TITUS,OR S1106,N/A,LEVEL 01,https://drive.google.com/a/3dves.com/file/d/1vBJ-Z8q-JUiGkGXKkud76MI3_ReOOwSv/view?usp=sharing
HOT WATER REHEAT 2-POSITION CAV TERMINAL UNITS 1st FLOOR OPERATING ROOMS,,CAV-R,1-69,DESV,TITUS,OR S1106,N/A,LEVEL 01,https://drive.google.com/a/3dves.com/file/d/1vBJ-Z8q-JUiGkGXKkud76MI3_ReOOwSv/view?usp=sharing
HOT WATER REHEAT 2-POSITION CAV TERMINAL UNITS 1st FLOOR OPERATING ROOMS,,CAV-S,1-70,DESV,TITUS,OR S1121,N/A,LEVEL 01,https://drive.google.com/a/3dves.com/file/d/1vBJ-Z8q-JUiGkGXKkud76MI3_ReOOwSv/view?usp=sharing
HOT WATER REHEAT 2-POSITION CAV TERMINAL UNITS 1st FLOOR OPERATING ROOMS,,CAV-S,1-71,DESV,TITUS,OR S1121,N/A,LEVEL 01,https://drive.google.com/a/3dves.com/file/d/1vBJ-Z8q-JUiGkGXKkud76MI3_ReOOwSv/view?usp=sharing
AIR CURTAIN FAN SCHEDULE,,ACF,1,WA 36,MARS AIR DOORS,N/A,N/A,RECEIVING AREA,https://drive.google.com/a/3dves.com/file/d/1vBJ-Z8q-JUiGkGXKkud76MI3_ReOOwSv/view?usp=sharing
EXISTING AIR CONDITIONING UNIT ,,AC,1,ZJ240,YORK,SECURITY SOUTH BUILDING,N/A,LEVEL 02,https://drive.google.com/a/3dves.com/file/d/1vBJ-Z8q-JUiGkGXKkud76MI3_ReOOwSv/view?usp=sharing
DIFFUSERS AND GRILLES SCHEDULE,,S,1,PAS,TITUS,N/A,N/A,N/A,https://drive.google.com/a/3dves.com/file/d/1jOk8MhehOA15y3cwrwDj2a-aGJ_T1yB1/view?usp=sharing
DIFFUSERS AND GRILLES SCHEDULE,,S,2,MCD,TITUS,N/A,N/A,N/A,https://drive.google.com/a/3dves.com/file/d/1jOk8MhehOA15y3cwrwDj2a-aGJ_T1yB1/view?usp=sharing
DIFFUSERS AND GRILLES SCHEDULE,,S,3,FL-10,TITUS,N/A,N/A,N/A,https://drive.google.com/a/3dves.com/file/d/1jOk8MhehOA15y3cwrwDj2a-aGJ_T1yB1/view?usp=sharing
DIFFUSERS AND GRILLES SCHEDULE,,S,4,FL-10,TITUS,N/A,N/A,N/A,https://drive.google.com/a/3dves.com/file/d/1jOk8MhehOA15y3cwrwDj2a-aGJ_T1yB1/view?usp=sharing
DIFFUSERS AND GRILLES SCHEDULE,,S,5,KCD,HALTON,N/A,N/A,N/A,https://drive.google.com/a/3dves.com/file/d/1jOk8MhehOA15y3cwrwDj2a-aGJ_T1yB1/view?usp=sharing
DIFFUSERS AND GRILLES SCHEDULE,,R,1,PAS,TITUS,N/A,N/A,N/A,https://drive.google.com/a/3dves.com/file/d/1jOk8MhehOA15y3cwrwDj2a-aGJ_T1yB1/view?usp=sharing
DIFFUSERS AND GRILLES SCHEDULE,,R,2,MCD,TITUS,N/A,N/A,N/A,https://drive.google.com/a/3dves.com/file/d/1jOk8MhehOA15y3cwrwDj2a-aGJ_T1yB1/view?usp=sharing
DIFFUSERS AND GRILLES SCHEDULE,,R,3,FL-10,TITUS,N/A,N/A,N/A,https://drive.google.com/a/3dves.com/file/d/1jOk8MhehOA15y3cwrwDj2a-aGJ_T1yB1/view?usp=sharing
DIFFUSERS AND GRILLES SCHEDULE,,E,1,PSS,TITUS,N/A,N/A,N/A,https://drive.google.com/a/3dves.com/file/d/1jOk8MhehOA15y3cwrwDj2a-aGJ_T1yB1/view?usp=sharing
DIFFUSERS AND GRILLES SCHEDULE,,E,2,MCD,TITUS,N/A,N/A,N/A,https://drive.google.com/a/3dves.com/file/d/1jOk8MhehOA15y3cwrwDj2a-aGJ_T1yB1/view?usp=sharing